{"text": "\u6211\u65e9\u4e0a\u5b89 \u4eca\u5e747\u6b72\u4e86\u6211\u5f88\u958b\u5fc3 \u56e0\u70ba\u53ef\u4ee5\u548c\u5404\u500b\u6536\u62c9\u624b\u4e00\u8d77\u8d70\u8def\u53bb\u5b78\u6821\u5404\u500b\u6bd4\u6211\u5927\u5169\u6b72 \u662f\u6b63\u83ef\u5c0f\u5b78\u4e09\u5e74\u7d1a\u7684\u5b78\u751f\u55ef \u4eca\u5929\u662f\u6211\u7b2c\u4e00\u5929\u4e0a\u5b78", "segments": [{"id": 0, "seek": 0, "start": 0.0, "end": 5.0, "text": "\u6211\u65e9\u4e0a\u5b89 \u4eca\u5e747\u6b72\u4e86", "tokens": [50364, 1654, 21176, 5708, 16206, 220, 38937, 22, 26256, 2289, 50614], "temperature": 0.0, "avg_logprob": -0.4006545774398311, "compression_ratio": 1.1139240506329113, "no_speech_prob": 0.12095455825328827}, {"id": 1, "seek": 0, "start": 5.0, "end": 11.0, "text": "\u6211\u5f88\u958b\u5fc3 \u56e0\u70ba\u53ef\u4ee5\u548c\u5404\u500b\u6536\u62c9\u624b\u4e00\u8d77\u8d70\u8def\u53bb\u5b78\u6821", "tokens": [50614, 46257, 37809, 220, 11471, 6723, 12565, 17516, 3338, 18681, 29717, 11389, 29567, 9575, 24658, 6734, 21372, 49684, 50914], "temperature": 0.0, "avg_logprob": -0.4006545774398311, "compression_ratio": 1.1139240506329113, "no_speech_prob": 0.12095455825328827}, {"id": 2, "seek": 0, "start": 11.0, "end": 18.0, "text": "\u5404\u500b\u6bd4\u6211\u5927\u5169\u6b72 \u662f\u6b63\u83ef\u5c0f\u5b78\u4e09\u5e74\u7d1a\u7684\u5b78\u751f", "tokens": [50914, 17516, 3338, 11706, 1654, 3582, 16313, 26256, 11947, 15789, 30927, 7322, 21372, 10960, 5157, 35315, 1546, 21372, 8244, 51264], "temperature": 0.0, "avg_logprob": -0.4006545774398311, "compression_ratio": 1.1139240506329113, "no_speech_prob": 0.12095455825328827}, {"id": 3, "seek": 0, "start": 18.0, "end": 24.0, "text": "\u55ef \u4eca\u5929\u662f\u6211\u7b2c\u4e00\u5929\u4e0a\u5b78", "tokens": [51264, 21206, 220, 12074, 1541, 1654, 18049, 6135, 5708, 21372, 51564], "temperature": 0.0, "avg_logprob": -0.4006545774398311, "compression_ratio": 1.1139240506329113, "no_speech_prob": 0.12095455825328827}], "language": "zh"}